#ThisURL#
http://www.bestbuy-jobs.com/job-detail/?id=392473BR
#SubURL#
http://www.bestbuy-jobs.com/benefits/
http://www.bestbuy-jobs.com/university-recruiting/
http://www.bestbuy-jobs.com/job-detail/?id=392473BR#
http://www.bestbuy-jobs.com/corporate/
http://www.bestbuy.com
https://www.facebook.com/bestbuy/
http://www.bestbuy-jobs.com/privacy-policy/
https://sjobs.brassring.com/TGWebHost/home.aspx?partnerid=25632&siteid=5649
https://www.linkedin.com/company/best-buy/careers
https://hr.bestbuy.com/web/myhr/-/equal-employment-opportunity
https://sjobs.brassring.com/TGnewUI/Search/home/HomeWithPreLoad?PageType=JobDetails&noback=0&partnerid=25632&siteid=5649&jobid=2267160
http://www.bestbuy-jobs.com/
http://www.bestbuy-jobs.com/explore-careers/
http://www.bestbuy-jobs.com/search/
https://www.pinterest.com/bestbuy/
https://corporate.bestbuy.com/
http://www.bestbuy-jobs.com/culture/
https://instagram.com/bestbuy/
http://www.bestbuy-jobs.com/job-family/all-retail-careers/
https://twitter.com/BestBuy_Careers
https://sjobs.brassring.com/TGnewUI/Search/home/HomeWithPreLoad?PageType=JobDetails&noback=0&partnerid=25632&siteid=5649&jobid=2267160&AL=1
#Title#
Best Buy Careers: Job Detail
#Content#
CAREERS   QUICK SEARCH Search by keyword: Select a location: All locations Anchorage, AK Alabaster, AL Birmingham, AL Dothan, AL Florence, AL Fultondale, AL Hoover, AL Huntsville, AL Mobile, AL Montgomery, AL Oxford, AL Tuscaloosa, AL Benton, AR Conway, AR Fayetteville, AR Fort Smith, AR Hot Springs, AR Jonesboro, AR Little Rock, AR North Little Rock, AR Rogers, AR Avondale, AZ Chandler, AZ Flagstaff, AZ Gilbert, AZ Glendale, AZ Goodyear, AZ Mesa, AZ Oro Valley, AZ Phoenix, AZ Prescott, AZ Scottsdale, AZ Surprise, AZ Tempe, AZ Tucson, AZ Yuma, AZ Auburn, CA Bakersfield, CA Beaumont, CA Brentwood, CA Burbank, CA Canoga Park, CA Carlsbad, CA Cerritos, CA Chino, CA City Of Industry, CA Colma, CA Concord, CA Corona, CA Costa Mesa, CA Culver City, CA Daly City, CA Dinuba, CA Duarte, CA Dublin, CA El Cajon, CA El Centro, CA El Segundo, CA Elk Grove, CA Fairfield, CA Folsom, CA Fullerton, CA Goleta, CA Hawthorne, CA Huntington Beach, CA Irvine, CA La Jolla, CA Lakewood, CA Long Beach, CA Los Angeles, CA Marina, CA Menifee, CA Milpitas, CA Mission Viejo, CA Modesto, CA Montclair, CA Mountain View, CA Murrieta, CA National City, CA Northridge, CA Oakland, CA Oceanside, CA Orange, CA Oxnard, CA Pacoima, CA Pasadena, CA Pinole, CA Pleasant Hill, CA Rancho Cucamonga, CA Rancho Mirage, CA Redding, CA Redwood City, CA Riverbank, CA Riverside, CA Roseville, CA Sacramento, CA Salinas, CA San Bernardino, CA San Bruno, CA San Carlos, CA San Diego, CA San Francisco, CA San Jose, CA San Luis Obispo, CA San Marcos, CA San Rafael, CA Santa Ana, CA Santa Clara, CA Santa Clarita, CA Santa Maria, CA Santa Rosa, CA Santee, CA Sherman Oaks, CA Signal Hill, CA Simi Valley, CA Soquel, CA Sunnyvale, CA Thousand Oaks, CA Torrance, CA Tracy, CA Tustin, CA Union City, CA Vacaville, CA Valencia, CA Vallejo, CA Victorville, CA Visalia, CA West Covina, CA Westminster, CA Yorba Linda, CA Aurora, CO Broomfield, CO Centennial, CO Colorado Springs, CO Denver, CO Fort Collins, CO Grand Junction, CO Lakewood, CO Lone Tree, CO Longmont, CO Westminster, CO Danbury, CT Enfield, CT Manchester, CT Meriden, CT Milford, CT Newington, CT Norwalk, CT Orange, CT Trumbull, CT Waterford, CT West Simsbury, CT Washington, DC Christiana, DE Dover, DE Newark, DE Wilmington, DE Aventura, FL Boca Raton, FL Bradenton, FL Brandon, FL Clearwater, FL Coral Springs, FL Davenport, FL Davie, FL Daytona Beach, FL Destin, FL Estero, FL Fort Lauderdale, FL Fort Myers, FL Gainesville, FL Jacksonville, FL Lady Lake, FL Lakeland, FL Largo, FL Melbourne, FL Miami, FL Miami Beach, FL Naples, FL Ocala, FL Ocoee, FL Orlando, FL Palm Beach Gardens, FL Plantation, FL Port Charlotte, FL Port Richey, FL Saint Petersburg, FL Sanford, FL Sarasota, FL Spring Hill, FL Stuart, FL Sunrise, FL Tampa, FL Vero Beach, FL Wellington, FL Wesley Chapel, FL West Palm Beach, FL Winter Garden, FL Acworth, GA Alpharetta, GA Athens, GA Atlanta, GA Augusta, GA Buford, GA Columbus, GA Conyers, GA Cumming, GA Douglasville, GA Dublin, GA Duluth, GA Dunwoody, GA Gainesville, GA Kennesaw, GA Macon, GA Morrow, GA Newnan, GA Peachtree City, GA Savannah, GA Snellville, GA Tucker, GA Valdosta, GA Warner Robins, GA Aiea, HI Honolulu, HI Ankeny, IA Cedar Rapids, IA Coralville, IA Davenport, IA Mason City, IA Sioux City, IA Waterloo, IA West Des Moines, IA Coeur D Alene, ID Idaho Falls, ID Nampa, ID Twin Falls, ID Algonquin, IL Arlington Heights, IL Aurora, IL Bloomingdale, IL Bloomington, IL Bolingbrook, IL Bourbonnais, IL Burbank, IL Calumet City, IL Carbondale, IL Champaign, IL Chicago, IL Chicago Ridge, IL Countryside, IL Crystal Lake, IL Dekalb, IL Downers Grove, IL Edwardsville, IL Evanston, IL Fairview Heights, IL Geneva, IL Homewood, IL Joliet, IL Kildeer, IL Lansing, IL Mchenry, IL Melrose Park, IL Moline, IL North Aurora, IL North Riverside, IL Northbrook, IL Peoria, IL Quincy, IL Rockford, IL Schaumburg, IL Skokie, IL South Elgin, IL Springfield, IL Tinley Park, IL Vernon Hills, IL Woodridge, IL 5820 E 82nd St, Indianapolis, IN Avon, IN Bloomington, IN Carmel, IN Clarksville, IN Columbus, IN Evansville, IN Fort Wayne, IN Greenwood, IN Indianapolis, IN Kokomo, IN Lafayette, IN Mishawaka, IN Muncie, IN Noblesville, IN Richmond, IN Terre Haute, IN Valparaiso, IN Lawrence, KS Manhattan, KS Olathe, KS Overland Park, KS Topeka, KS Wichita, KS Bowling Green, KY Brooks, KY Elizabethtown, KY Florence, KY Lexington, KY Louisville, KY Owensboro, KY Paducah, KY Alexandria, LA Baton Rouge, LA Bossier City, LA Covington, LA Gretna, LA Hammond, LA Harahan, LA Harvey, LA Lake Charles, LA Metairie, LA Monroe, LA New Orleans, LA Shreveport, LA Slidell, LA Auburn, MA Braintree, MA Brockton, MA Burlington, MA Cambridge, MA Danvers, MA Dedham, MA Dorchester, MA Everett, MA Framingham, MA Holyoke, MA Hyannis, MA Leominster, MA Mansfield, MA Marlborough, MA Millbury, MA North Attleboro, MA North Dartmouth, MA Plymouth, MA Saugus, MA Seeonk, MA Taunton, MA Watertown, MA Worcester, MA Annapolis, MD Baltimore, MD Bel Air, MD Bethesda, MD Bowie, MD California, MD College Park, MD Columbia, MD Elkridge, MD Gaithersburg, MD Germantown, MD Glen Burnie, MD Hagerstown, MD Hanover, MD Lanham, MD Laurel, MD Nottingham, MD Rockville, MD Rosedale, MD Salisbury, MD Timonium, MD Towson, MD Waldorf, MD Wheaton, MD Augusta, ME Bangor, ME South Portland, ME Topsham, ME Allen Park, MI Ann Arbor, MI Auburn Hills, MI Battle Creek, MI Benton Harbor, MI Bloomfield, MI Chesterfield, MI Detroit, MI Farmington Hills, MI Fort Gratiot Twp, MI Grand Rapids, MI Grandville, MI Holland, MI Jackson, MI Lansing, MI Madison Heights, MI Marquette, MI Midland, MI Muskegon, MI Novi, MI Okemos, MI Portage, MI Rochester Hills, MI Roseville, MI Saginaw, MI south mi and north IN, MI Taylor, MI Traverse City, MI Troy, MI Utica, MI Westland, MI Apple Valley, MN Baxter, MN Blaine, MN Bloomington, MN Brooklyn Center, MN Burnsville, MN Coon Rapids, MN Duluth, MN Eagan, MN Eden Prairie, MN Hopkins, MN Hutchinson, MN Inver Grove Heights, MN Maple Grove, MN Maplewood, MN Oakdale, MN Richfield, MN Rochester, MN Roseville, MN Saint Cloud, MN Saint Paul, MN Shakopee, MN Willmar, MN Branson, MO Brentwood, MO Bridgeton, MO Cape Girardeau, MO Chesterfield, MO Columbia, MO Fenton, MO Independence, MO Jefferson City, MO Joplin, MO Kansas City, MO Lees Summit, MO Manchester, MO Saint Joseph, MO Saint Louis, MO Saint Peters, MO Springfield, MO St. Louis, MO Wentzville, MO Diberville, MS Flowood, MS Gulfport, MS Hattiesburg, MS Madison, MS Meridian, MS Southaven, MS Tupelo, MS Billings, MT Kalispell, MT Arden, NC Asheville, NC Burlington, NC Cary, NC Charlotte, NC Concord, NC Durham, NC Fayetteville, NC Garner, NC Gastonia, NC Greensboro, NC Greenville, NC Hickory, NC Knightdale, NC Matthews, NC Mooresville, NC Morehead City, NC Pineville, NC Raleigh, NC Waynesville, NC Wilson, NC Winston Salem, NC Winston-Salem, NC Bismarck, ND Fargo, ND Grand Forks, ND Minot, ND Grand Island, NE Lincoln, NE Omaha, NE Papillion, NE Nashua, NH Newington, NH Salem, NH West Lebanon, NH Brick, NJ Bridgewater, NJ Cherry Hill, NJ Deptford, NJ East Brunswick, NJ East Hanover, NJ Eatontown, NJ Edison, NJ Howell, NJ Iselin, NJ Jersey City, NJ Manahawkin, NJ Manalapan, NJ Mays Landing, NJ Monmouth Junction, NJ Mount Laurel, NJ Paramus, NJ Perth Amboy, NJ Phillipsburg, NJ Princeton, NJ Secaucus, NJ Union, NJ Vauxhall, NJ Vineland, NJ Wayne, NJ Albuquerque, NM Farmington, NM Santa Fe, NM Carson City, NV Henderson, NV Las Vegas, NV Reno, NV Sparks, NV Albany, NY Amherst, NY Baldwin, NY Bronx, NY Brooklyn, NY Buffalo, NY Cheektowaga, NY Dewitt, NY East Northport, NY Elmhurst, NY Flushing, NY Hartsdale, NY Huntington Station, NY Ithaca, NY Kingston, NY Lawrence, NY Levittown, NY Liverpool, NY Long Island City, NY Middletown, NY Mohegan Lake, NY Monroe, NY Mount Vernon, NY New Hartford, NY New York, NY Nichols, NY Patchogue, NY Plattsburgh, NY Poughkeepsie, NY Riverhead, NY Rochester, NY Saratoga Springs, NY South Setauket, NY Staten Island, NY Syracuse, NY Valley Stream, NY Vestal, NY Victor, NY Watertown, NY West Nyack, NY Westbury, NY Yonkers, NY Akron, OH Avon, OH Beavercreek, OH Cincinnati, OH Cleveland, OH Columbus, OH Cuyahoga Falls, OH Dayton, OH Dublin, OH Elyria, OH Fairborn, OH Findlay, OH Grove City, OH Hamilton, OH Heath, OH Holland, OH Macedonia, OH Mansfield, OH Marysville, OH Mayfield Heights, OH Mentor, OH North Canton, OH North Olmsted, OH Perrysburg, OH Reynoldsburg, OH Sandusky, OH Springdale, OH Springfield, OH Streetsboro, OH Strongsville, OH Toledo, OH Wooster, OH Youngstown, OH Ardmore, OK Lawton, OK Midwest City, OK Moore, OK Muskogee, OK Norman, OK Oklahoma City, OK Owasso, OK Stillwater, OK Tulsa, OK Beaverton, OR Bend, OR Hillsboro, OR Medford, OR Portland, OR Springfield, OR Tualatin, OR Bensalem, PA Bethel Park, PA Collegeville, PA Dickson City, PA Downingtown, PA Erie, PA Fairless Hills, PA Greensburg, PA Harrisburg, PA Johnstown, PA Lancaster, PA Mechanicsburg, PA Monroeville, PA Muncy, PA Munhall, PA North Wales, PA Philadelphia, PA Pittsburgh, PA Plymouth Meeting, PA Pottstown, PA Quakertown, PA Scranton, PA Selinsgrove, PA Springfield, PA State College, PA Tarentum, PA Whitehall, PA Wilkes Barre, PA Willow Grove, PA York, PA Warwick, RI Anderson, SC Beaufort, SC Bluffton, SC Charleston, SC Columbia, SC Florence, SC Greenville, SC Lexington, SC Myrtle Beach, SC North Charleston, SC Rock Hill, SC Rapid City, SD Sioux Falls, SD Brentwood, TN Chattanooga, TN Clarksville, TN Hixson, TN Kingsport, TN Knoxville, TN Madison, TN Memphis, TN Mount Juliet, TN Murfreesboro, TN Nashville, TN Abilene, TX Allen, TX Amarillo, TX Arlington, TX Austin, TX Bastrop, TX Baytown, TX Beaumont, TX Bee Cave, TX Brownsville, TX Burleson, TX Cedar Hill, TX Cedar Park, TX College Station, TX Conroe, TX Dallas, TX Denton, TX El Paso, TX Farmers Branch, TX Flower Mound, TX Fort Worth, TX Friendswood, TX Frisco, TX Garland, TX Georgetown, TX Houston, TX Humble, TX Hurst, TX Irving, TX Katy, TX Killeen, TX Laredo, TX League City, TX Lewisville, TX Longview, TX Lufkin, TX Mansfield, TX Mcallen, TX Mckinney, TX Mesquite, TX Midland, TX New Braunfels, TX Odessa, TX Pasadena, TX Pearland, TX Pflugerville, TX Plano, TX Port Arthur, TX Richmond, TX Rockwall, TX Round Rock, TX San Antonio, TX San Marcos, TX Selma, TX Sherman, TX Temple, TX Texarkana, TX The Woodlands, TX Tyler, TX Victoria, TX Waco, TX Waxahachie, TX Weatherford, TX Webster, TX Wichita Falls, TX Logan, UT Ogden, UT Orem, UT Park City, UT Salt Lake City, UT Sandy, UT Washington, UT Alexandria, VA Arlington, VA Bristol, VA Charlottesville, VA Chesapeake, VA Christiansburg, VA Colonial Heights, VA Fairfax, VA Fredericksburg, VA Gainesville, VA Glen Allen, VA Harrisonburg, VA Lynchburg, VA Manassas, VA Mechanicsville, VA Newport News, VA Reston, VA Richmond, VA Roanoke, VA Springfield, VA Sterling, VA Vienna, VA Virginia Beach, VA Williamsburg, VA Winchester, VA Woodbridge, VA Williston, VT Bellevue, WA Burlington, WA Everett, WA Federal Way, WA Issaquah, WA Kennewick, WA Kent, WA Lynnwood, WA Marysville, WA Olympia, WA Puyallup, WA Seattle, WA Silverdale, WA Spokane, WA Tacoma, WA Tukwila, WA Appleton, WI Brookfield, WI Delafield, WI Eau Claire, WI Fox Point, WI Grafton, WI Green Bay, WI Greendale, WI Greenfield, WI Janesville, WI Kenosha, WI Kohler, WI La Crosse, WI Lake Geneva, WI Madison, WI Menomonee Falls, WI Onalaska, WI Oshkosh, WI Plover, WI Racine, WI Wausau, WI Wauwatosa, WI Barboursville, WV Charleston, WV Martinsburg, WV Morgantown, WV Casper, WY Cheyenne, WY Select a job category: All job categories Assets Protection/Loss Prevention BestBuy.com Communications Customer Service Distribution/Logistics/Transportation Finance / Accounting Human Resources Information Technology Inventory Marketing Merchandising/Buying/Planning Retail Operations Sales Services/Installation/Repair Stores Associates Stores Leadership Training Select a job level: All job levels Director Entry Level Individual Contributor Manager with Direct Reports Manager without Direct Reports Select a brand: All brands Best Buy Best Buy Mexico Best Buy Mobile Geek Squad Magnolia Pacific Sales Benefits Our Culture Diversity University Recruiting Retail Corporate Explore Careers SEARCH OPENINGS Search Already Applied? Log in SEARCH OPENINGS Search Already Applied? Log in Appliance Sales SpecialistApply to Job BrandPacific Sales What does an Appliance Sales Specialist do? At Best Buy our mission is to leverage the unique talents and passions of our employees to inspire, delight, and enrich the lives our customers through technology and all its possibilities. If you have a passion and curiosity for what is possible and enjoy people, we invite you to join us on this mission. An Appliance Sales Specialist for Pacific Sales is responsible for meeting sales goals and delivering the customer experience from time of sale to installation. Appliance Sales specialists are highly knowledgeable within the Appliance industry and are considered a subject matter expert with both free-standing and premium Appliance product. As an Appliance Sales Specialist you will: Partners with other employees to ensure customers end-to-end needs for are met Create relationships with customers to identify customer needs and recommend appropriate solutions. Apply product knowledge and industry knowledge to each customer interaction. Follow up with customers, designers, vendors and contractors to confirm delivery and answer questions Apply understanding of design and construction to ensure customer orders are correct to specification. Must be able to apply basic measurement techniques and knowledge of complex Built-In Appliances. Attend vendor offered product training to remain current and updated on products, industry trends, etc., to better satisfy customers and support fellow sales team members.What are the Professional Requirements of an Appliance Sales Specialist? Basic Qualifications: High School Diploma or equivalent 1-2 years of sales experiencePreferred Qualifications: Associate degree or above in Business Management or related field 1-2 years of appliance or premium brands experience Auto Req. ID392473BR Employment CategorySales Job LevelEntry Level Location Number000054-Mesquite-Store Address2701 N MESQUITE DR CityMesquite StateTX Apply to Job SEARCH CAREERS Search by keyword: Select a location: All locations Anchorage, AK Alabaster, AL Birmingham, AL Dothan, AL Florence, AL Fultondale, AL Hoover, AL Huntsville, AL Mobile, AL Montgomery, AL Oxford, AL Tuscaloosa, AL Benton, AR Conway, AR Fayetteville, AR Fort Smith, AR Hot Springs, AR Jonesboro, AR Little Rock, AR North Little Rock, AR Rogers, AR Avondale, AZ Chandler, AZ Flagstaff, AZ Gilbert, AZ Glendale, AZ Goodyear, AZ Mesa, AZ Oro Valley, AZ Phoenix, AZ Prescott, AZ Scottsdale, AZ Surprise, AZ Tempe, AZ Tucson, AZ Yuma, AZ Auburn, CA Bakersfield, CA Beaumont, CA Brentwood, CA Burbank, CA Canoga Park, CA Carlsbad, CA Cerritos, CA Chino, CA City Of Industry, CA Colma, CA Concord, CA Corona, CA Costa Mesa, CA Culver City, CA Daly City, CA Dinuba, CA Duarte, CA Dublin, CA El Cajon, CA El Centro, CA El Segundo, CA Elk Grove, CA Fairfield, CA Folsom, CA Fullerton, CA Goleta, CA Hawthorne, CA Huntington Beach, CA Irvine, CA La Jolla, CA Lakewood, CA Long Beach, CA Los Angeles, CA Marina, CA Menifee, CA Milpitas, CA Mission Viejo, CA Modesto, CA Montclair, CA Mountain View, CA Murrieta, CA National City, CA Northridge, CA Oakland, CA Oceanside, CA Orange, CA Oxnard, CA Pacoima, CA Pasadena, CA Pinole, CA Pleasant Hill, CA Rancho Cucamonga, CA Rancho Mirage, CA Redding, CA Redwood City, CA Riverbank, CA Riverside, CA Roseville, CA Sacramento, CA Salinas, CA San Bernardino, CA San Bruno, CA San Carlos, CA San Diego, CA San Francisco, CA San Jose, CA San Luis Obispo, CA San Marcos, CA San Rafael, CA Santa Ana, CA Santa Clara, CA Santa Clarita, CA Santa Maria, CA Santa Rosa, CA Santee, CA Sherman Oaks, CA Signal Hill, CA Simi Valley, CA Soquel, CA Sunnyvale, CA Thousand Oaks, CA Torrance, CA Tracy, CA Tustin, CA Union City, CA Vacaville, CA Valencia, CA Vallejo, CA Victorville, CA Visalia, CA West Covina, CA Westminster, CA Yorba Linda, CA Aurora, CO Broomfield, CO Centennial, CO Colorado Springs, CO Denver, CO Fort Collins, CO Grand Junction, CO Lakewood, CO Lone Tree, CO Longmont, CO Westminster, CO Danbury, CT Enfield, CT Manchester, CT Meriden, CT Milford, CT Newington, CT Norwalk, CT Orange, CT Trumbull, CT Waterford, CT West Simsbury, CT Washington, DC Christiana, DE Dover, DE Newark, DE Wilmington, DE Aventura, FL Boca Raton, FL Bradenton, FL Brandon, FL Clearwater, FL Coral Springs, FL Davenport, FL Davie, FL Daytona Beach, FL Destin, FL Estero, FL Fort Lauderdale, FL Fort Myers, FL Gainesville, FL Jacksonville, FL Lady Lake, FL Lakeland, FL Largo, FL Melbourne, FL Miami, FL Miami Beach, FL Naples, FL Ocala, FL Ocoee, FL Orlando, FL Palm Beach Gardens, FL Plantation, FL Port Charlotte, FL Port Richey, FL Saint Petersburg, FL Sanford, FL Sarasota, FL Spring Hill, FL Stuart, FL Sunrise, FL Tampa, FL Vero Beach, FL Wellington, FL Wesley Chapel, FL West Palm Beach, FL Winter Garden, FL Acworth, GA Alpharetta, GA Athens, GA Atlanta, GA Augusta, GA Buford, GA Columbus, GA Conyers, GA Cumming, GA Douglasville, GA Dublin, GA Duluth, GA Dunwoody, GA Gainesville, GA Kennesaw, GA Macon, GA Morrow, GA Newnan, GA Peachtree City, GA Savannah, GA Snellville, GA Tucker, GA Valdosta, GA Warner Robins, GA Aiea, HI Honolulu, HI Ankeny, IA Cedar Rapids, IA Coralville, IA Davenport, IA Mason City, IA Sioux City, IA Waterloo, IA West Des Moines, IA Coeur D Alene, ID Idaho Falls, ID Nampa, ID Twin Falls, ID Algonquin, IL Arlington Heights, IL Aurora, IL Bloomingdale, IL Bloomington, IL Bolingbrook, IL Bourbonnais, IL Burbank, IL Calumet City, IL Carbondale, IL Champaign, IL Chicago, IL Chicago Ridge, IL Countryside, IL Crystal Lake, IL Dekalb, IL Downers Grove, IL Edwardsville, IL Evanston, IL Fairview Heights, IL Geneva, IL Homewood, IL Joliet, IL Kildeer, IL Lansing, IL Mchenry, IL Melrose Park, IL Moline, IL North Aurora, IL North Riverside, IL Northbrook, IL Peoria, IL Quincy, IL Rockford, IL Schaumburg, IL Skokie, IL South Elgin, IL Springfield, IL Tinley Park, IL Vernon Hills, IL Woodridge, IL 5820 E 82nd St, Indianapolis, IN Avon, IN Bloomington, IN Carmel, IN Clarksville, IN Columbus, IN Evansville, IN Fort Wayne, IN Greenwood, IN Indianapolis, IN Kokomo, IN Lafayette, IN Mishawaka, IN Muncie, IN Noblesville, IN Richmond, IN Terre Haute, IN Valparaiso, IN Lawrence, KS Manhattan, KS Olathe, KS Overland Park, KS Topeka, KS Wichita, KS Bowling Green, KY Brooks, KY Elizabethtown, KY Florence, KY Lexington, KY Louisville, KY Owensboro, KY Paducah, KY Alexandria, LA Baton Rouge, LA Bossier City, LA Covington, LA Gretna, LA Hammond, LA Harahan, LA Harvey, LA Lake Charles, LA Metairie, LA Monroe, LA New Orleans, LA Shreveport, LA Slidell, LA Auburn, MA Braintree, MA Brockton, MA Burlington, MA Cambridge, MA Danvers, MA Dedham, MA Dorchester, MA Everett, MA Framingham, MA Holyoke, MA Hyannis, MA Leominster, MA Mansfield, MA Marlborough, MA Millbury, MA North Attleboro, MA North Dartmouth, MA Plymouth, MA Saugus, MA Seeonk, MA Taunton, MA Watertown, MA Worcester, MA Annapolis, MD Baltimore, MD Bel Air, MD Bethesda, MD Bowie, MD California, MD College Park, MD Columbia, MD Elkridge, MD Gaithersburg, MD Germantown, MD Glen Burnie, MD Hagerstown, MD Hanover, MD Lanham, MD Laurel, MD Nottingham, MD Rockville, MD Rosedale, MD Salisbury, MD Timonium, MD Towson, MD Waldorf, MD Wheaton, MD Augusta, ME Bangor, ME South Portland, ME Topsham, ME Allen Park, MI Ann Arbor, MI Auburn Hills, MI Battle Creek, MI Benton Harbor, MI Bloomfield, MI Chesterfield, MI Detroit, MI Farmington Hills, MI Fort Gratiot Twp, MI Grand Rapids, MI Grandville, MI Holland, MI Jackson, MI Lansing, MI Madison Heights, MI Marquette, MI Midland, MI Muskegon, MI Novi, MI Okemos, MI Portage, MI Rochester Hills, MI Roseville, MI Saginaw, MI south mi and north IN, MI Taylor, MI Traverse City, MI Troy, MI Utica, MI Westland, MI Apple Valley, MN Baxter, MN Blaine, MN Bloomington, MN Brooklyn Center, MN Burnsville, MN Coon Rapids, MN Duluth, MN Eagan, MN Eden Prairie, MN Hopkins, MN Hutchinson, MN Inver Grove Heights, MN Maple Grove, MN Maplewood, MN Oakdale, MN Richfield, MN Rochester, MN Roseville, MN Saint Cloud, MN Saint Paul, MN Shakopee, MN Willmar, MN Branson, MO Brentwood, MO Bridgeton, MO Cape Girardeau, MO Chesterfield, MO Columbia, MO Fenton, MO Independence, MO Jefferson City, MO Joplin, MO Kansas City, MO Lees Summit, MO Manchester, MO Saint Joseph, MO Saint Louis, MO Saint Peters, MO Springfield, MO St. Louis, MO Wentzville, MO Diberville, MS Flowood, MS Gulfport, MS Hattiesburg, MS Madison, MS Meridian, MS Southaven, MS Tupelo, MS Billings, MT Kalispell, MT Arden, NC Asheville, NC Burlington, NC Cary, NC Charlotte, NC Concord, NC Durham, NC Fayetteville, NC Garner, NC Gastonia, NC Greensboro, NC Greenville, NC Hickory, NC Knightdale, NC Matthews, NC Mooresville, NC Morehead City, NC Pineville, NC Raleigh, NC Waynesville, NC Wilson, NC Winston Salem, NC Winston-Salem, NC Bismarck, ND Fargo, ND Grand Forks, ND Minot, ND Grand Island, NE Lincoln, NE Omaha, NE Papillion, NE Nashua, NH Newington, NH Salem, NH West Lebanon, NH Brick, NJ Bridgewater, NJ Cherry Hill, NJ Deptford, NJ East Brunswick, NJ East Hanover, NJ Eatontown, NJ Edison, NJ Howell, NJ Iselin, NJ Jersey City, NJ Manahawkin, NJ Manalapan, NJ Mays Landing, NJ Monmouth Junction, NJ Mount Laurel, NJ Paramus, NJ Perth Amboy, NJ Phillipsburg, NJ Princeton, NJ Secaucus, NJ Union, NJ Vauxhall, NJ Vineland, NJ Wayne, NJ Albuquerque, NM Farmington, NM Santa Fe, NM Carson City, NV Henderson, NV Las Vegas, NV Reno, NV Sparks, NV Albany, NY Amherst, NY Baldwin, NY Bronx, NY Brooklyn, NY Buffalo, NY Cheektowaga, NY Dewitt, NY East Northport, NY Elmhurst, NY Flushing, NY Hartsdale, NY Huntington Station, NY Ithaca, NY Kingston, NY Lawrence, NY Levittown, NY Liverpool, NY Long Island City, NY Middletown, NY Mohegan Lake, NY Monroe, NY Mount Vernon, NY New Hartford, NY New York, NY Nichols, NY Patchogue, NY Plattsburgh, NY Poughkeepsie, NY Riverhead, NY Rochester, NY Saratoga Springs, NY South Setauket, NY Staten Island, NY Syracuse, NY Valley Stream, NY Vestal, NY Victor, NY Watertown, NY West Nyack, NY Westbury, NY Yonkers, NY Akron, OH Avon, OH Beavercreek, OH Cincinnati, OH Cleveland, OH Columbus, OH Cuyahoga Falls, OH Dayton, OH Dublin, OH Elyria, OH Fairborn, OH Findlay, OH Grove City, OH Hamilton, OH Heath, OH Holland, OH Macedonia, OH Mansfield, OH Marysville, OH Mayfield Heights, OH Mentor, OH North Canton, OH North Olmsted, OH Perrysburg, OH Reynoldsburg, OH Sandusky, OH Springdale, OH Springfield, OH Streetsboro, OH Strongsville, OH Toledo, OH Wooster, OH Youngstown, OH Ardmore, OK Lawton, OK Midwest City, OK Moore, OK Muskogee, OK Norman, OK Oklahoma City, OK Owasso, OK Stillwater, OK Tulsa, OK Beaverton, OR Bend, OR Hillsboro, OR Medford, OR Portland, OR Springfield, OR Tualatin, OR Bensalem, PA Bethel Park, PA Collegeville, PA Dickson City, PA Downingtown, PA Erie, PA Fairless Hills, PA Greensburg, PA Harrisburg, PA Johnstown, PA Lancaster, PA Mechanicsburg, PA Monroeville, PA Muncy, PA Munhall, PA North Wales, PA Philadelphia, PA Pittsburgh, PA Plymouth Meeting, PA Pottstown, PA Quakertown, PA Scranton, PA Selinsgrove, PA Springfield, PA State College, PA Tarentum, PA Whitehall, PA Wilkes Barre, PA Willow Grove, PA York, PA Warwick, RI Anderson, SC Beaufort, SC Bluffton, SC Charleston, SC Columbia, SC Florence, SC Greenville, SC Lexington, SC Myrtle Beach, SC North Charleston, SC Rock Hill, SC Rapid City, SD Sioux Falls, SD Brentwood, TN Chattanooga, TN Clarksville, TN Hixson, TN Kingsport, TN Knoxville, TN Madison, TN Memphis, TN Mount Juliet, TN Murfreesboro, TN Nashville, TN Abilene, TX Allen, TX Amarillo, TX Arlington, TX Austin, TX Bastrop, TX Baytown, TX Beaumont, TX Bee Cave, TX Brownsville, TX Burleson, TX Cedar Hill, TX Cedar Park, TX College Station, TX Conroe, TX Dallas, TX Denton, TX El Paso, TX Farmers Branch, TX Flower Mound, TX Fort Worth, TX Friendswood, TX Frisco, TX Garland, TX Georgetown, TX Houston, TX Humble, TX Hurst, TX Irving, TX Katy, TX Killeen, TX Laredo, TX League City, TX Lewisville, TX Longview, TX Lufkin, TX Mansfield, TX Mcallen, TX Mckinney, TX Mesquite, TX Midland, TX New Braunfels, TX Odessa, TX Pasadena, TX Pearland, TX Pflugerville, TX Plano, TX Port Arthur, TX Richmond, TX Rockwall, TX Round Rock, TX San Antonio, TX San Marcos, TX Selma, TX Sherman, TX Temple, TX Texarkana, TX The Woodlands, TX Tyler, TX Victoria, TX Waco, TX Waxahachie, TX Weatherford, TX Webster, TX Wichita Falls, TX Logan, UT Ogden, UT Orem, UT Park City, UT Salt Lake City, UT Sandy, UT Washington, UT Alexandria, VA Arlington, VA Bristol, VA Charlottesville, VA Chesapeake, VA Christiansburg, VA Colonial Heights, VA Fairfax, VA Fredericksburg, VA Gainesville, VA Glen Allen, VA Harrisonburg, VA Lynchburg, VA Manassas, VA Mechanicsville, VA Newport News, VA Reston, VA Richmond, VA Roanoke, VA Springfield, VA Sterling, VA Vienna, VA Virginia Beach, VA Williamsburg, VA Winchester, VA Woodbridge, VA Williston, VT Bellevue, WA Burlington, WA Everett, WA Federal Way, WA Issaquah, WA Kennewick, WA Kent, WA Lynnwood, WA Marysville, WA Olympia, WA Puyallup, WA Seattle, WA Silverdale, WA Spokane, WA Tacoma, WA Tukwila, WA Appleton, WI Brookfield, WI Delafield, WI Eau Claire, WI Fox Point, WI Grafton, WI Green Bay, WI Greendale, WI Greenfield, WI Janesville, WI Kenosha, WI Kohler, WI La Crosse, WI Lake Geneva, WI Madison, WI Menomonee Falls, WI Onalaska, WI Oshkosh, WI Plover, WI Racine, WI Wausau, WI Wauwatosa, WI Barboursville, WV Charleston, WV Martinsburg, WV Morgantown, WV Casper, WY Cheyenne, WY Select a job category: All job categories Assets Protection/Loss Prevention BestBuy.com Communications Customer Service Distribution/Logistics/Transportation Finance / Accounting Human Resources Information Technology Inventory Marketing Merchandising/Buying/Planning Retail Operations Sales Services/Installation/Repair Stores Associates Stores Leadership Training Select a job level: All job levels Director Entry Level Individual Contributor Manager with Direct Reports Manager without Direct Reports Select a brand: All brands Best Buy Best Buy Mexico Best Buy Mobile Geek Squad Magnolia Pacific Sales BestBuy.com | EOE | Privacy Policy | Corporate Site © 2003 - 2016 Best Buy. All Rights Reserved. Benefits Our Culture Diversity University Recruiting Retail Corporate Explore Careers
